image,similarList
1633483851.0198636.jpg,"['T732379_030000.jpg', 'T732586_030000.jpg']"
1633483851.0328653.jpg,"['T732378_030000.jpg', '1633484091.4988813.jpg']"
1633483851.0428655.jpg,"['T732481_030000.jpg', 'T732555_030000.jpg']"
1633483851.0568645.jpg,"['1633613292.7403808.jpg', '2343245452345.jpg']"
1633483851.0678651.jpg,"['T732584_030000.jpg', 'T732380_030000.jpg']"
1633483851.0778654.jpg,"['1633484091.4978802.jpg', 'T732632_030000.jpg']"
1633483851.0898645.jpg,"['T732372_030000.jpg', 'T732693_030000.jpg']"
1633483851.1008663.jpg,"['1633484090.4650528.jpg', 'T732631_030000.jpg']"
1633483851.111865.jpg,"['T732574_030000.jpg', 'T732633_030000.jpg']"
1633483851.1238651.jpg,"['1633613292.7403808.jpg', 'T732627_030000.jpg']"
1633483851.1368642.jpg,"['1633484090.4660535.jpg', 'T732378_030000.jpg']"
1633483851.148865.jpg,"['T732570_030000.jpg', '1633613292.7413816.jpg']"
1633483851.1608653.jpg,"['T732378_030000.jpg', 'T732358_030000.jpg']"
1633483851.1728644.jpg,"['T732371_030000.jpg', 'T732584_030000.jpg']"
1633483851.185865.jpg,"['T732588_030000.jpg', 'harold-shipman-photo-by-greater-manchester-police-via-getty-images.jpg']"
1633483851.1978648.jpg,"['1633613290.384333.jpg', 'T732377_030000.jpg']"
1633483851.2098656.jpg,"['T732689_030000.jpg', 'T732627_030000.jpg']"
1633483851.2228653.jpg,"['T732362_030000.jpg', '1633484088.092803.jpg']"
1633483851.235865.jpg,"['T732628_030000.jpg', 'T732560_030000.jpg']"
1633483851.2468646.jpg,"['T732581_030000.jpg', 'T732368_030000.jpg']"
1633483851.257864.jpg,"['T732368_030000.jpg', 'T732376_030000.jpg']"
1633483851.2668653.jpg,"['T732480_030000.jpg', 'T732630_030000.jpg']"
1633483851.2748644.jpg,"['1633613292.7413816.jpg', 'T732355_030000.jpg']"
1633483851.2828643.jpg,"['T732586_030000.jpg', 'T732496_030000.jpg']"
1633483851.2928658.jpg,"['T732395_030000.jpg', 'T732697_030000.jpg']"
1633483851.3008661.jpg,"['T732360_030000.jpg', 'T732390_030000.jpg']"
1633483851.3088653.jpg,"['T732365_030000.jpg', 'T732699_030000.jpg']"
1633483851.316865.jpg,"['T732630_030000.jpg', 'T732582_030000.jpg']"
1633483851.3248641.jpg,"['T732355_030000.jpg', 'john-wayne-gacy-des-plaines-police-department-tim-boyle.jpg']"
1633483851.3368652.jpg,"['1633484091.4998825.jpg', 'T732586_030000.jpg']"
1633483851.3478656.jpg,"['T732560_030000.jpg', 'T732691_030000.jpg']"
